,df,sum_sq,mean_sq,F,PR(>F)
C(Order),1.0,0.7788673040145472,0.7788673040145472,0.5523064868271511,0.45885386027474906
C(Starvation),2.0,33.94384954335908,16.97192477167954,12.035046402674451,1.751383467257943e-05
C(Odor),1.0,0.0005050130390069136,0.0005050130390069136,0.00035811232020929967,0.9849338097159988
C(Order):C(Starvation),2.0,0.06369900428368314,0.03184950214184157,0.02258495965164535,0.9776723964295728
C(Order):C(Odor),1.0,2.1014511960821287,2.1014511960821287,1.4901705609729348,0.2246236991659969
C(Starvation):C(Odor),2.0,8.488852343903904,4.244426171951952,3.0097862569722302,0.05310248673115834
C(Order):C(Starvation):C(Odor),2.0,6.355494433252542,3.177747216626271,2.253388211564769,0.10954481084137643
Residual,118.0,166.4046033601619,1.4102085030522196,,
